CREATE DATABASE  IF NOT EXISTS `pandeyji_eatery` /*!40100 DEFAULT CHARACTER SET utf8mb4 COLLATE utf8mb4_0900_ai_ci */ /*!80016 DEFAULT ENCRYPTION='N' */;
USE `pandeyji_eatery`;
-- MySQL dump 10.13  Distrib 8.0.31, for Win64 (x86_64)
--
-- Host: localhost    Database: pandeyji_eatery
-- ------------------------------------------------------
-- Server version	8.0.31

/*!40101 SET @OLD_CHARACTER_SET_CLIENT=@@CHARACTER_SET_CLIENT */;
/*!40101 SET @OLD_CHARACTER_SET_RESULTS=@@CHARACTER_SET_RESULTS */;
/*!40101 SET @OLD_COLLATION_CONNECTION=@@COLLATION_CONNECTION */;
/*!50503 SET NAMES utf8 */;
/*!40103 SET @OLD_TIME_ZONE=@@TIME_ZONE */;
/*!40103 SET TIME_ZONE='+00:00' */;
/*!40014 SET @OLD_UNIQUE_CHECKS=@@UNIQUE_CHECKS, UNIQUE_CHECKS=0 */;
/*!40014 SET @OLD_FOREIGN_KEY_CHECKS=@@FOREIGN_KEY_CHECKS, FOREIGN_KEY_CHECKS=0 */;
/*!40101 SET @OLD_SQL_MODE=@@SQL_MODE, SQL_MODE='NO_AUTO_VALUE_ON_ZERO' */;
/*!40111 SET @OLD_SQL_NOTES=@@SQL_NOTES, SQL_NOTES=0 */;

--
-- Table structure for table `food_items`
--

DROP TABLE IF EXISTS `food_items`;
/*!40101 SET @saved_cs_client     = @@character_set_client */;
/*!50503 SET character_set_client = utf8mb4 */;
CREATE TABLE `food_items` (
  `item_id` int NOT NULL,
  `name` varchar(255) DEFAULT NULL,
  `price` decimal(10,2) DEFAULT NULL,
  PRIMARY KEY (`item_id`)
) ENGINE=InnoDB DEFAULT CHARSET=utf8mb4 COLLATE=utf8mb4_0900_ai_ci;
/*!40101 SET character_set_client = @saved_cs_client */;

--
-- Dumping data for table `food_items`
--

LOCK TABLES `food_items` WRITE;
/*!40000 ALTER TABLE `food_items` DISABLE KEYS */;
INSERT INTO `food_items` VALUES (1,'Pav Bhaji',6.00),(2,'Chole Bhature',7.00),(3,'Pizza',8.00),(4,'Mango Lassi',5.00),(5,'Masala Dosa',6.00),(6,'Vegetable Biryani',9.00),(7,'Vada Pav',4.00),(8,'Rava Dosa',7.00),(9,'Samosa',5.00);
/*!40000 ALTER TABLE `food_items` ENABLE KEYS */;
UNLOCK TABLES;

--
-- Table structure for table `order_tracking`
--

DROP TABLE IF EXISTS `order_tracking`;
/*!40101 SET @saved_cs_client     = @@character_set_client */;
/*!50503 SET character_set_client = utf8mb4 */;
CREATE TABLE `order_tracking` (
  `order_id` int NOT NULL,
  `status` varchar(255) DEFAULT NULL,
  PRIMARY KEY (`order_id`)
) ENGINE=InnoDB DEFAULT CHARSET=utf8mb4 COLLATE=utf8mb4_0900_ai_ci;
/*!40101 SET character_set_client = @saved_cs_client */;

--
-- Dumping data for table `order_tracking`
--

LOCK TABLES `order_tracking` WRITE;
/*!40000 ALTER TABLE `order_tracking` DISABLE KEYS */;
INSERT INTO `order_tracking` VALUES (40,'delivered'),(41,'in transit');
/*!40000 ALTER TABLE `order_tracking` ENABLE KEYS */;
UNLOCK TABLES;

--
-- Table structure for table `orders`
--

DROP TABLE IF EXISTS `orders`;
/*!40101 SET @saved_cs_client     = @@character_set_client */;
/*!50503 SET character_set_client = utf8mb4 */;
CREATE TABLE `orders` (
  `order_id` int NOT NULL,
  `item_id` int NOT NULL,
  `quantity` int DEFAULT NULL,
  `total_price` decimal(10,2) DEFAULT NULL,
  PRIMARY KEY (`order_id`,`item_id`),
  KEY `orders_ibfk_1` (`item_id`),
  CONSTRAINT `orders_ibfk_1` FOREIGN KEY (`item_id`) REFERENCES `food_items` (`item_id`)
) ENGINE=InnoDB DEFAULT CHARSET=utf8mb4 COLLATE=utf8mb4_0900_ai_ci;
/*!40101 SET character_set_client = @saved_cs_client */;

--
-- Dumping data for table `orders`
--

LOCK TABLES `orders` WRITE;
/*!40000 ALTER TABLE `orders` DISABLE KEYS */;
INSERT INTO `orders` VALUES (40,1,2,12.00),(40,3,1,8.00),(41,4,3,15.00),(41,6,2,18.00),(41,9,4,20.00);
/*!40000 ALTER TABLE `orders` ENABLE KEYS */;
UNLOCK TABLES;

--
-- Dumping routines for database 'pandeyji_eatery'
--
/*!50003 DROP FUNCTION IF EXISTS `get_price_for_item` */;
/*!50003 SET @saved_cs_client      = @@character_set_client */ ;
/*!50003 SET @saved_cs_results     = @@character_set_results */ ;
/*!50003 SET @saved_col_connection = @@collation_connection */ ;
/*!50003 SET character_set_client  = utf8mb4 */ ;
/*!50003 SET character_set_results = utf8mb4 */ ;
/*!50003 SET collation_connection  = utf8mb4_0900_ai_ci */ ;
/*!50003 SET @saved_sql_mode       = @@sql_mode */ ;
/*!50003 SET sql_mode              = 'ONLY_FULL_GROUP_BY,STRICT_TRANS_TABLES,NO_ZERO_IN_DATE,NO_ZERO_DATE,ERROR_FOR_DIVISION_BY_ZERO,NO_ENGINE_SUBSTITUTION' */ ;
DELIMITER ;;
CREATE DEFINER=`root`@`localhost` FUNCTION `get_price_for_item`(p_item_name VARCHAR(255)) RETURNS decimal(10,2)
    DETERMINISTIC
BEGIN
    DECLARE v_price DECIMAL(10, 2);
    
    -- Check if the item_name exists in the food_items table
    IF (SELECT COUNT(*) FROM food_items WHERE name = p_item_name) > 0 THEN
        -- Retrieve the price for the item
        SELECT price INTO v_price
        FROM food_items
        WHERE name = p_item_name;
        
        RETURN v_price;
    ELSE
        -- Invalid item_name, return -1
        RETURN -1;
    END IF;
END ;;
DELIMITER ;
/*!50003 SET sql_mode              = @saved_sql_mode */ ;
/*!50003 SET character_set_client  = @saved_cs_client */ ;
/*!50003 SET character_set_results = @saved_cs_results */ ;
/*!50003 SET collation_connection  = @saved_col_connection */ ;
/*!50003 DROP FUNCTION IF EXISTS `get_total_order_price` */;
/*!50003 SET @saved_cs_client      = @@character_set_client */ ;
/*!50003 SET @saved_cs_results     = @@character_set_results */ ;
/*!50003 SET @saved_col_connection = @@collation_connection */ ;
/*!50003 SET character_set_client  = utf8mb4 */ ;
/*!50003 SET character_set_results = utf8mb4 */ ;
/*!50003 SET collation_connection  = utf8mb4_0900_ai_ci */ ;
/*!50003 SET @saved_sql_mode       = @@sql_mode */ ;
/*!50003 SET sql_mode              = 'ONLY_FULL_GROUP_BY,STRICT_TRANS_TABLES,NO_ZERO_IN_DATE,NO_ZERO_DATE,ERROR_FOR_DIVISION_BY_ZERO,NO_ENGINE_SUBSTITUTION' */ ;
DELIMITER ;;
CREATE DEFINER=`root`@`localhost` FUNCTION `get_total_order_price`(p_order_id INT) RETURNS decimal(10,2)
    DETERMINISTIC
BEGIN
    DECLARE v_total_price DECIMAL(10, 2);
    
    -- Check if the order_id exists in the orders table
    IF (SELECT COUNT(*) FROM orders WHERE order_id = p_order_id) > 0 THEN
        -- Calculate the total price
        SELECT SUM(total_price) INTO v_total_price
        FROM orders
        WHERE order_id = p_order_id;
        
        RETURN v_total_price;
    ELSE
        -- Invalid order_id, return -1
        RETURN -1;
    END IF;
END ;;
DELIMITER ;
/*!50003 SET sql_mode              = @saved_sql_mode */ ;
/*!50003 SET character_set_client  = @saved_cs_client */ ;
/*!50003 SET character_set_results = @saved_cs_results */ ;
/*!50003 SET collation_connection  = @saved_col_connection */ ;
/*!50003 DROP PROCEDURE IF EXISTS `insert_order_item` */;
/*!50003 SET @saved_cs_client      = @@character_set_client */ ;
/*!50003 SET @saved_cs_results     = @@character_set_results */ ;
/*!50003 SET @saved_col_connection = @@collation_connection */ ;
/*!50003 SET character_set_client  = utf8mb4 */ ;
/*!50003 SET character_set_results = utf8mb4 */ ;
/*!50003 SET collation_connection  = utf8mb4_0900_ai_ci */ ;
/*!50003 SET @saved_sql_mode       = @@sql_mode */ ;
/*!50003 SET sql_mode              = 'ONLY_FULL_GROUP_BY,STRICT_TRANS_TABLES,NO_ZERO_IN_DATE,NO_ZERO_DATE,ERROR_FOR_DIVISION_BY_ZERO,NO_ENGINE_SUBSTITUTION' */ ;
DELIMITER ;;
CREATE DEFINER=`root`@`localhost` PROCEDURE `insert_order_item`(
  IN p_food_item VARCHAR(255),
  IN p_quantity INT,
  IN p_order_id INT
)
BEGIN
    DECLARE v_item_id INT;
    DECLARE v_price DECIMAL(10, 2);
    DECLARE v_total_price DECIMAL(10, 2);

    -- Get the item_id and price for the food item
    SET v_item_id = (SELECT item_id FROM food_items WHERE name = p_food_item);
    SET v_price = (SELECT get_price_for_item(p_food_item));

    -- Calculate the total price for the order item
    SET v_total_price = v_price * p_quantity;

    -- Insert the order item into the orders table
    INSERT INTO orders (order_id, item_id, quantity, total_price)
    VALUES (p_order_id, v_item_id, p_quantity, v_total_price);
END ;;
DELIMITER ;
/*!50003 SET sql_mode              = @saved_sql_mode */ ;
/*!50003 SET character_set_client  = @saved_cs_client */ ;
/*!50003 SET character_set_results = @saved_cs_results */ ;
/*!50003 SET collation_connection  = @saved_col_connection */ ;
/*!40103 SET TIME_ZONE=@OLD_TIME_ZONE */;

/*!40101 SET SQL_MODE=@OLD_SQL_MODE */;
/*!40014 SET FOREIGN_KEY_CHECKS=@OLD_FOREIGN_KEY_CHECKS */;
/*!40014 SET UNIQUE_CHECKS=@OLD_UNIQUE_CHECKS */;
/*!40101 SET CHARACTER_SET_CLIENT=@OLD_CHARACTER_SET_CLIENT */;
/*!40101 SET CHARACTER_SET_RESULTS=@OLD_CHARACTER_SET_RESULTS */;
/*!40101 SET COLLATION_CONNECTION=@OLD_COLLATION_CONNECTION */;
/*!40111 SET SQL_NOTES=@OLD_SQL_NOTES */;

-- Dump completed on 2023-06-14 17:55:58
